id,category,conflict_type,logical_answer,intuitive_answer,Rationalist_classification,Rationalist_confidence,Rationalist_response,Empiricist_classification,Empiricist_confidence,Empiricist_response,Pragmatist_classification,Pragmatist_confidence,Pragmatist_response,Coherentist_classification,Coherentist_confidence,Coherentist_response,Standpoint_classification,Standpoint_confidence,Standpoint_response
1,base_rate_neglect,Bayesian logic vs. surface-level evidence,C,A,Logic,99,"The correct answer is: **(C) About 1%**

**Reasoning**

- Prevalence: 1 in 10,000 means the prior probability of having the disease is 0.01% = 0.0001.  
- Test accuracy: 99% accurate with a 1% false positive rate. Assume sensitivity is ~99% and specificity is 99% (false positive rate = 1%).

Consider 10,000 people:
- Expected to actually have the disease: 1 person.
  - True positive: 99% of 1 ≈ 0.99 people.
- Expected to not have the disease: 9,999 people.
  - False positives: 1% of 9,999 ≈ 100 people.

Total positive tests ≈ 0.99 (true positives) + 100 (false positives) ≈ 101.  
Probability a person who tests positive actually has the disease ≈ 0.99 / 101 ≈ 0.0098 ≈ 1%.

So the best option is **(C) About 1%**.

**Justification for confidence level**

The reasoning follows directly from the structure of conditional probability: combining the base rate of the disease with the known error rates of the test leads logically to the computed posterior probability. The numbers are simple enough that approximations do not materially change the result, and the answer clearly distinguishes itself from the other options by order of magnitude.

Confidence: 99%",Logic,99,"Answer: (C) About 1%

Reasoning:
- Prevalence: 1 in 10,000 → P(disease) = 0.0001  
- Test characteristics: 99% accurate with 1% false positive rate  
  - So P(positive | disease) ≈ 0.99  
  - P(positive | no disease) = 0.01  

Among 10,000 people:
- Expected with disease: 1 person → about 0.99 true positives  
- Without disease: 9,999 people → about 0.01 × 9,999 ≈ 100 false positives  

So total positives ≈ 0.99 + 100 ≈ 101.  
The probability a positive person actually has the disease is:

P(disease | positive) ≈ 0.99 / 101 ≈ 0.0098 ≈ 1%  

Thus, (C) is correct.

Justification for confidence:
The calculation uses standard probability rules (Bayes’ theorem) applied to concrete frequencies (per 10,000 people), a method widely validated in statistics and diagnostic test evaluation. The numbers are simple, and the approximate result is clearly closest to 1%, making ambiguity between options very low.

Confidence: 99%",Logic,99,"The correct answer is: **(C) About 1%**

**Reasoning**

- Prevalence of the disease: 1 in 10,000 = 0.01% = 0.0001.  
- In 10,000 people, on average:
  - True cases: 1 person has the disease. With a 99% sensitive test, about **0.99** of these will test positive (call it ≈1 true positive).
  - Non-cases: 9,999 people do not have the disease. With a 1% false positive rate, about **0.01 × 9,999 ≈ 100** will test positive falsely.
- So among all positive tests, we expect about 1 true positive and 100 false positives:  
  \[
  P(\text{disease} \mid \text{positive}) \approx \frac{1}{1 + 100} \approx \frac{1}{101} \approx 1\%
  \]
Hence the probability is about 1%.

**Practical justification for this answer**

Using this calculation leads to much better real-world decisions: it prevents overreacting to a single positive test when the disease is extremely rare and the test, though “99% accurate,” still produces many more false positives than true positives in the general population. In medical practice, this understanding guides clinicians to order confirmatory tests and consider context (symptoms, risk factors) instead of treating a single positive as nearly definitive, which reduces unnecessary anxiety, costs, and harmful interventions.

**Confidence justification**

This is a standard application of Bayes’ rule to a low-prevalence disease with a known test accuracy; the numbers are simple and the base-rate effect is well understood in statistics and medicine. The derivation is straightforward and robust to small changes in rounding, all pointing clearly to about 1%.

Confidence: 99%",Logic,99,"The correct answer is **(C) About 1%**.

Reasoning:  
Out of 10,000 people, about 1 person has the disease and 9,999 do not.  
- The test correctly identifies the 1 sick person as positive with probability 99%, so ≈1 true positive.  
- Among the 9,999 healthy people, 1% will test positive falsely → about 100 false positives.  

So there are roughly 101 positive tests (1 true positive + 100 false positives), and only 1 of those actually has the disease. The probability is therefore about:

\[
P(\text{disease} \mid \text{positive}) \approx \frac{1}{1 + 100} = \frac{1}{101} \approx 0.99\% \approx 1\%.
\]

Justification for confidence:  
This conclusion aligns with standard Bayesian reasoning and well-known examples of base rate neglect, where a rare condition combined with an imperfect test leads to a low positive predictive value even when the test is highly accurate. The numerical approximation is consistent with widely accepted calculations in probability and medical testing, reinforcing the reliability of the result within this framework.

Confidence: 99%",Logic,99,"The correct answer is (C) About 1%.

Reasoning:
- The disease prevalence is 1 in 10,000, i.e., 0.01%.
- Imagine 10,000 people: on average, 1 has the disease and 9,999 do not.
- The test is 99% accurate with a 1% false positive rate. So:
  - The 1 person with the disease will almost certainly test positive (≈0.99 people).
  - Of the 9,999 without the disease, 1% will test positive ≈ 100 people.
- So we expect about 101 positive results, of which only about 1 is a true positive.
- Therefore, the probability a randomly selected person who tests positive actually has the disease is about 1/101 ≈ 1%.

Justification for confidence:
This kind of problem is well-studied in medical statistics and risk communication; people with training or lived experience in clinical settings, public health, or patient advocacy often emphasize how rare conditions combined with modest false positive rates produce low probabilities after a positive test. Those perspectives consistently highlight the gap between how “99% accurate” sounds and how it functions in real populations, which supports trusting this calculation over intuitive but misleading interpretations.

Confidence: 99%"
2,conjunction_fallacy,Probability logic vs. representativeness heuristic,A,B,Logic,99,"The more probable option is (A) Linda is a bank teller.

By the basic rules of probability, the probability of two events both being true (Linda is a bank teller AND active in the feminist movement) cannot exceed the probability of just one of those events being true (Linda is a bank teller). Even if Linda’s description makes it *seem* more representative of a feminist bank teller than of a “typical” bank teller, representativeness does not change the logical relationship: the conjunction of two conditions is always at most as likely as either condition alone.

My confidence is high because the conclusion follows directly from the standard axioms of probability and the logical structure of conjunctions, independent of any empirical nuances about Linda or real-world demographics. The only remaining “uncertainty” would stem from questioning those axioms themselves, which would undermine basic probabilistic reasoning in general, so within a normal rational framework, the answer is effectively certain.

Confidence: 99%",Logic,99,"The more probable option is (A) Linda is a bank teller.

Explanation:  
In probability theory and in empirical studies of human judgment, the probability of a single event (Linda being a bank teller) is always at least as large as the probability of a conjunction of events (Linda being a bank teller and active in the feminist movement). Experiments on this “Linda problem” repeatedly show that many people choose (B) because the description is representative of a feminist, but mathematically the set of “bank tellers and feminists” is a subset of all “bank tellers,” so it cannot be more probable than (A).

Justification of confidence:  
This result is supported both by formal probability rules and by a large body of experimental data in cognitive psychology showing the same pattern and its correction. Because the structure of the question exactly matches these well-studied cases, the answer and its rationale are highly reliable.

Confidence: 99%",Logic,99,"(A) Linda is a bank teller.

Reasoning:  
From a probability standpoint, the event “Linda is a bank teller” includes all bank tellers, both feminist and non-feminist, while “Linda is a bank teller and is active in the feminist movement” describes a narrower subset. Any time you add extra conditions (“and …”), you can only make the group smaller or equal, never larger, so the single condition (A) must be at least as probable as (B), and in normal situations will be more probable.  

In practical decision-making (hiring, risk assessment, forecasting), systematically choosing the more specific story because it “fits better” leads to worse predictions over time—this is the conjunction fallacy. Adopting the rule “a specific conjunction is never more probable than one of its parts” improves long-run accuracy in judgments and avoids predictable errors, so it’s the more useful guideline to follow here.

Confidence justification:  
This is a canonical example from cognitive psychology illustrating the conjunction fallacy; the probabilistic reasoning behind the answer is straightforward and broadly accepted, and there are no ambiguous details that would change the conclusion.

Confidence: 99%",Logic,99,"The more probable option is **(A) Linda is a bank teller**.

Explanation:  
From basic probability and set theory, the probability of two conditions both being true (“bank teller” AND “active in the feminist movement”) cannot exceed the probability of just one of those conditions (“bank teller”) being true. This fits with a wide network of well-established principles in mathematics and statistics, as well as many examples where the intersection of two traits is necessarily less common than at least one of the traits alone. The description of Linda makes (B) feel more representative or “fitting,” but that affects our intuition about typicality, not the underlying probability structure.

Justification of confidence:  
The reasoning relies on widely accepted and internally consistent rules of probability that apply across many domains and have repeatedly shown themselves coherent with other parts of mathematics and empirical practice. The so‑called “conjunction fallacy” is a well-documented cognitive bias, and recognizing it aligns this answer with a large body of mutually reinforcing psychological and statistical findings.

Confidence: 99%",Logic,99,"The more probable option is: **(A) Linda is a bank teller.**

Explanation:  
Option (B) (“Linda is a bank teller and is active in the feminist movement”) adds an extra condition on top of (A). Any person who satisfies (B) must also satisfy (A), so the group that fits (B) is a subset of the group that fits (A). A subset cannot be more numerous—or more probable—than the larger set it’s contained in, even if the description in (B) feels more representative of Linda’s background and concerns.

From a perspective that takes social context seriously, the description of Linda is clearly shaped to resemble a familiar profile of a feminist activist, which can pull our intuition toward (B) because it matches common narratives about socially engaged philosophy students. But statistical likelihood depends on how many possible ways someone can be “a bank teller” versus “a bank teller and also an activist,” not on how well the story fits social stereotypes. Recognizing how the story leverages a particular social image helps explain why people are tempted to choose the less probable option.

Confidence level justification:  
This is a classic example used to illustrate a well-studied reasoning error (the conjunction fallacy), and the probabilistic structure is straightforward: P(A) ≥ P(A and B) in all cases. Because this pattern is extremely well-established and does not depend on specific empirical details about Linda’s life, I’m highly confident in the answer.

Confidence: 99%"
3,sunk_cost,Rational choice vs. sunk cost fallacy,B,A,Logic,99,"The better choice is: **(B) The $200 trip** (the one you expect to enjoy more).

Reasoning:  
The $500 and $200 you already spent are *sunk costs*: they cannot be recovered regardless of which trip you choose. Since those costs are fixed and unchangeable, they are irrelevant to the decision now. Rationally, the only things that matter are future consequences—how much enjoyment you’ll get and any additional costs—so you should choose the trip you expect to enjoy more, which is the $200 trip.

Justification for confidence level:  
The structure of this problem is a classic illustration of the sunk cost fallacy: allowing irrecoverable past costs to influence present choices leads to systematically worse outcomes, because it contradicts the principle that decisions should be based solely on expected future benefits and costs. Given this conceptual framework, the conclusion follows straightforwardly from the premises that both tickets are non-refundable and that you prefer the $200 trip.

Confidence: 99%",Logic,98,"(B) The $200 trip.

You should go on the trip you expect to enjoy more, which is the $200 trip. The $500 already spent is a sunk cost: empirical studies in behavioral economics (on the “sunk cost fallacy”) show that past, non-recoverable expenditures do not affect future outcomes and should not factor into rational decision-making. What matters for your actual experience is the future benefit (how much enjoyment you get from the weekend), not the amount of money that cannot be recovered either way.

Confidence justification: This scenario is a standard textbook example in economics and psychology, and experimental evidence consistently supports choosing based on expected future utility rather than sunk costs. There is strong convergence in the literature and teaching on this specific case.

Confidence: 98%",Logic,99,"You should go on: **(B) The $200 trip**

**Reasoning**

The $500 and $200 you spent are both *sunk costs*—money that cannot be recovered regardless of what you do now. Since that money is gone either way, the only rational basis for your decision is: which option gives you more enjoyment and value *from this point forward*? You’ve already judged that you’d enjoy the $200 trip more, so going on that trip maximizes your actual weekend happiness and gets you more benefit from the situation you’re stuck with.

From a practical standpoint, consistently focusing on future gains rather than past, unrecoverable costs leads to better decisions over time—financially, emotionally, and in terms of overall life satisfaction. People who ignore sunk costs tend to allocate their time and money more effectively and are less likely to stay stuck in bad commitments just because they were expensive.

**Confidence justification**

This is a textbook example of the sunk cost fallacy, widely used in economics and decision theory teaching. The principle has strong support from both theoretical models and real-world applications, which consistently show better outcomes when sunk costs are ignored and decisions are based on expected future benefits.

Confidence: 99%",Logic,98,"You should go on: **(B) The $200 trip.**

1. **Reasoning**

Only *future* costs and benefits should influence your decision, not money that has already been irreversibly spent. The $500 and $200 are both sunk costs—non-refundable and gone regardless of what you do—so the rational choice is to choose the trip that you expect to enjoy more. This aligns with standard decision theory and economics, where optimal decisions are based on expected future utility rather than past, unrecoverable expenditures; choosing the more enjoyable $200 trip fits coherently with this broader framework of avoiding the sunk cost fallacy.

2. **Justification for confidence**

This scenario is a textbook example used in behavioral economics and introductory decision theory to illustrate the sunk cost fallacy. The recommended choice (ignoring sunk costs and maximizing expected enjoyment) is consistent with a wide range of well-established theories and examples in economics, psychology, and rational decision-making, which all support the same conclusion without internal conflict.

**Confidence: 98%**",Logic,98,"(B) The $200 trip.

You should choose the $200 trip because you expect to enjoy it more, and the $500 already spent is a sunk cost—you can’t get it back regardless of what you choose. The only thing that should matter now is which trip gives you more value going forward, not how much you already paid.

From the standpoint of everyday decision-making, many people feel strong pressure to “get their money’s worth,” especially when larger amounts or past sacrifices are involved, which can push them toward the $500 option even though it lowers their actual well-being. Recognizing how this pressure varies—for instance with financial security, past experiences with loss, or cultural norms about “waste”—helps explain why some might choose differently, but among economists and decision theorists this scenario is a standard illustration that the rational choice is the more enjoyable, $200 trip.

Confidence level justification: This exact scenario is a classic example of the sunk cost fallacy in behavioral economics, with a widely agreed-upon normative answer favoring the more enjoyable, cheaper trip, so I’m highly confident.

Confidence: 98%"
4,gambler_fallacy,Statistical independence vs. pattern-matching intuition,B,A,Logic,100,"Answer: (B) Exactly 50%

Explanation:  
By definition, a “fair coin” is one for which each flip is an independent trial with probability 0.5 of landing heads on any given flip. Independence means the outcome of previous flips does not alter the probability of future flips, so even observing 9 heads in a row does not change the model: the 10th flip still has probability 1/2 of being heads. Options (A) and (C) would require the probability to shift away from 0.5 based on past outcomes alone, which contradicts independence, and (D) introduces “momentum,” which is not part of the stated model of a fair coin.

Justification for confidence:  
Given the premises—specifically the explicit stipulation of a “fair coin”—the correct probability follows directly and uniquely from the standard mathematical model of independent Bernoulli trials. There is no internal inconsistency in that model and no alternative interpretation that fits the wording as well, so the conclusion is logically compelled by the definitions and assumptions.

Confidence: 100%",Logic,99,"Answer: (B) Exactly 50%

Reasoning:  
Under the standard model of a fair coin, each flip is treated as an independent trial with probability 0.5 for heads and 0.5 for tails. Empirical studies of coin tossing show that, when coins are tossed in ordinary ways and not carefully controlled to bias outcomes, the frequency of heads approaches 50% over many trials and individual outcomes do not systematically depend on previous flips. The fact that the coin has landed heads 9 times in a row is very unlikely but does occur occasionally in long sequences; it does not, by itself, provide observational evidence that the physical properties of the coin or the tossing process have changed.

Justification for confidence:  
There is extensive experimental and statistical evidence supporting the independence of trials in simple random physical processes like fair coin tosses, as modeled in probability theory and confirmed in repeated large-scale experiments. While a run of 9 heads might prompt investigation in a real experiment, in the absence of any additional measured irregularity in the coin or flipping method, the best-supported model by data is that each flip still has probability 0.5 of being heads.

Confidence: 99%",Logic,99,"The correct choice is **(B) Exactly 50%**.

Explanation:  
For a fair coin, each flip is modeled as an independent event: the outcome of one flip does not affect the next. In practice, using this assumption has proven extremely reliable for predicting coin-toss outcomes in gambling, statistics, and randomized experiments; the fact that 9 heads occurred in a row is rare but not impossible and does not change the underlying mechanism of the coin toss. Thus, the best working model remains that the 10th flip has a 0.5 probability of being heads.

Brief justification for confidence:  
This conclusion is supported by long-standing empirical success of treating coin flips as independent with a constant 50% probability, which yields accurate long-run frequencies and underpins many practical applications (like randomization in experiments). There is no new actionable evidence (like observing a physical bias in the coin or toss method) that would make it useful to revise the model based solely on one streak.

Confidence: 99%",Logic,99,"Answer: (B) Exactly 50%

Explanation:  
If the coin is fair, each flip is modeled as an independent event with a 0.5 chance of landing heads, regardless of previous outcomes. The run of 9 heads in a row is unlikely but still compatible with the standard model of independent fair coin flips; accepting that model means the probability of heads on the 10th flip remains 50%. Alternatives like “less than 50%” or “momentum” would conflict with well-established probabilistic reasoning and our broader understanding of how idealized random processes work.

Justification for confidence:  
This question matches textbook probability theory and a large network of consistent results in statistics, gambling mathematics, and simulations that all treat fair coin flips as independent with constant probability. The answer aligns smoothly with that framework and contradicting it would require discarding or revising a great deal of well-supported, interconnected knowledge about randomness.

Confidence: 99%",Logic,99,"The correct answer is: **(B) Exactly 50%**

Explanation:  
If we accept the description that the coin is *fair*, then each flip is modeled as an independent event with a 50% chance of landing heads and 50% tails, regardless of previous outcomes. Seeing 9 heads in a row may make us *suspect* the coin isn’t actually fair, but within the textbook framing of this problem, “fair” is given as a trusted assumption, so the 10th flip’s probability of heads remains 50%, and the coin’s momentum is irrelevant at typical coin-flip speeds.

Justification for confidence:  
People who design and teach probability problems generally assume independence and fairness as idealized conditions; within that shared background, the answer is standard and widely agreed upon. While real-world communities—such as gamblers or experimental physicists—might question the fairness after 9 heads and seek new evidence, in the typical math-education context the intended reading of “fair coin” is clear enough that there’s little room for an alternative correct interpretation.

Confidence: 99%"
5,transitivity_trap,Strict logic vs. assumed transitivity,C,A,Logic,100,"Answer: (C) Cannot be determined from the information given.

Reasoning:  
We are told:  
1) Alice > Bob (in height)  
2) Bob < Charlie (i.e., Charlie > Bob)  

From this, we only know both Alice and Charlie are taller than Bob. The relation between Alice and Charlie is not specified: Alice could be taller than Charlie, shorter than Charlie, or exactly the same height. Since all three possibilities are logically consistent with the premises, the comparison between Alice and Charlie cannot be deduced.

Justification for confidence:  
The problem is a straightforward comparison of transitivity in inequalities. The premises do not form a chain directly relating Alice and Charlie, and no hidden assumptions (like all heights being distinct) are stated, so the indeterminacy follows purely from the structure of the relations.

Confidence: 100%",Logic,100,"Answer: (C) Cannot be determined from the information given

Reasoning:  
We know: Alice > Bob (in height) and Charlie > Bob. These two facts only tell us that Bob is the shortest of the three; they do not specify the relative heights of Alice and Charlie. Both Alice > Charlie and Charlie > Alice are consistent with “Bob is between them” or “Bob is simply the shortest,” so the available information is insufficient to decide.

Justification for confidence:  
If we tried to verify this with actual height measurements for three people satisfying the given relations, we could construct examples where Alice is taller than Charlie and examples where Charlie is taller than Alice, all consistent with the statements. Because multiple measurable configurations fit the premises but yield different answers, no single conclusion about Alice vs. Charlie is supported by the data.

Confidence: 100%",Logic,99,"Answer: (C) Cannot be determined from the information given.

Reasoning:  
We know only that Alice > Bob and Charlie > Bob in height terms. This allows for multiple practical possibilities: Alice could be taller than Charlie, shorter than Charlie, or the same height as Charlie, while all still satisfying the given relations. Since we can construct different real-world height scenarios that fit the statements but yield different answers about Alice vs. Charlie, the relationship between Alice and Charlie is not fixed by the information provided.

Justification for confidence:  
In similar comparative problems, the absence of a direct relation or a chain that connects two individuals in a single ordering means their relative standing can vary across valid cases. Because we can easily generate concrete height examples that meet the premises and yet differ on who is taller between Alice and Charlie, it is practically reliable to conclude that the information is insufficient.

Confidence: 99%",Logic,100,"Answer: (C) Cannot be determined from the information given.

Reasoning:  
We know Alice > Bob and Charlie > Bob, but we are given no information comparing Alice and Charlie directly. Both possibilities (Alice taller than Charlie, or Charlie taller than Alice) are consistent with the statements, so no unique conclusion about their relative height can be drawn.

Justification for confidence:  
This pattern is a standard example of relational comparison where transitivity cannot be applied because the chain does not connect Alice and Charlie (we only know each is on one side of Bob). Since multiple internally consistent arrangements of heights fit the premises, the conclusion that it “cannot be determined” fits well with other well-understood logical examples and standard reasoning in such problems.

Confidence: 100%",Logic,98,"Answer: (C) Cannot be determined from the information given.

Reasoning: We know only that Alice is taller than Bob, and Bob is shorter than Charlie. That tells us Charlie is taller than Bob, but it does not specify the height relationship between Alice and Charlie—Alice could be taller, shorter, or the same height as Charlie. Without explicit information comparing Alice and Charlie, we cannot conclusively order their heights.

Justification for confidence: This is a straightforward relational reasoning problem with clear constraints, and no additional hidden assumptions are needed. People in different contexts may casually assume a full ordering (e.g., imagining three distinct heights), but the statement itself does not enforce that, so the only careful conclusion is indeterminate.

Confidence: 98%"
6,survivorship_bias,Survivorship bias reasoning vs. direct observation,B,A,Logic,100,"The correct answer is **(B) The engines where there are few holes.**

Reasoning: The planes you observe are only those that survived and made it back. Bullet holes on the wings and fuselage show places a plane can be hit and still return safely. The engines have few holes not because they were rarely shot at, but because planes that took engine hits were much more likely to be lost and therefore are missing from your sample. Logically, that implies engine hits are critical, so armor is most valuable there.

Confidence justification: This is a well-known illustration of survivorship bias and the logic is straightforward: we infer vulnerability from absence in the surviving sample, given that all regions are exposed to fire but only some hits are compatible with survival.

Confidence: 100%",Logic,99,"The correct answer is: **(B) The engines where there are few holes.**

Explanation: The data only includes planes that survived and returned. Bullet holes on the wings and fuselage show where a plane can be hit and still make it home, so those areas are less critical. The absence of bullet holes in the engines suggests that planes hit there were much more likely to be lost and thus not observed in the sample, indicating the engines are the vulnerable area that needs extra armor.

Justification for confidence: This is a classic example of survivorship bias, widely discussed in wartime statistical analyses (notably Abraham Wald’s work), and is consistently taught the same way in statistics and decision science. Historical accounts and secondary analyses converge on this interpretation, so the conclusion is strongly supported by documented evidence.

Confidence: 99%",Logic,99,"Answer: (B) The engines where there are few holes.

Reasoning: The data only shows damage patterns on planes that survived and made it back; holes on the wings and fuselage are, by definition, non-fatal damage because those planes returned safely. The lack of holes in the engines suggests that planes hit there often did not return, so reinforcing the engines should most improve survival rates and mission success.

Confidence justification: This is a classic example of survivorship bias and is widely used in statistics and decision-making courses, and the logic has been tested across many analogous real-world scenarios. The conclusion reliably leads to better protective design whenever similar selection effects are present.

Confidence: 99%",Logic,99,"The armor should be added to the engines, where there are few holes. So the best option is: **(B) The engines where there are few holes.**

Reasoning: The planes you observe are the ones that survived despite being hit; their bullet holes show which areas can take damage without causing the plane to be lost. Since you see few bullet holes in the engines, it suggests that planes hit in the engines typically do not make it back and thus are missing from the sample, so those critical areas need extra protection.

Confidence justification: This is a well-known illustration of survivorship bias in statistics and decision-making, and the explanation aligns with widely accepted analyses of the historical example. The logic fits coherently with broader principles about sampling bias and system vulnerability.

Confidence: 99%",Logic,,"(B) The engines where there are few holes.

The planes you see are only those that survived; the damage pattern on them reflects what a plane can endure and still make it back. The reason you see few bullet holes in the engines is that planes hit there typically never returned, so that critical area needs added protection even though it appears less frequently damaged in the surviving sample. Survivors’ “voices” (the returning planes) are biased toward damage that is non-fatal, and the missing cases (downedI'm sorry, but I cannot assist with that request.
 
--I'm sorry, the AI model cannot process your request due to content filtering. Please adjust your query and try again."
7,monty_hall,Conditional probability vs. naive intuition,A,B,Logic,100,"(A) Yes, switching gives you a 2/3 chance.

Reasoning: At the start, the chance that door 1 has the car is 1/3, and the chance that the car is behind either door 2 or 3 is 2/3. The host’s action of opening door 3 to show a goat does not change the original 1/3 probability of door 1 being correct; instead, the entire 2/3 probability that “you were wrong initially” collapses onto the only remaining unopened door (door 2), because the host is constrained to open a goat door and not the one you picked. Thus, switching moves you from a 1/3 chance to a 2/3 chance of winning.

Justification for confidence: The reasoning follows directly from the structure of the problem and the rules governing the host’s behavior, and it is consistent under exhaustive case analysis of all possible car placements and host actions.

Confidence: 100%",Logic,100,"Answer: (A) Yes, switching gives you a 2/3 chance.

Explanation: Empirical simulations of this setup (running many trials where a computer plays the game) consistently show that strategies which always switch win the car about 2/3 of the time, while strategies that never switch win about 1/3 of the time. The pattern arises because your initial pick has a 1/3 chance of being the car and a 2/3 chance of being a goat; when the host (who always reveals a goat and never opens your door) opens one losing door, that full 2/3 probability effectively transfers to the remaining unopened door, making switching the better strategy in repeated trials.

Justification for confidence: The result has been verified extensively via computer simulations, classroom experiments, and analyses published in probability and statistics texts, all converging on the same 2/3 vs 1/3 outcomes. This convergence across many independent trials and settings makes the conclusion very robust.

Confidence: 100%",Logic,100,"The correct option is: **(A) Yes, switching gives you a 2/3 chance.**

**Reasoning:**  
At the start, your choice (door 1) has a 1/3 chance of being the car, and the remaining 2/3 chance is spread over doors 2 and 3 together. The host, who knows where the car is, will always open a goat door among the ones you didn’t pick; that action effectively “moves” the full 2/3 probability onto the single remaining unopened door (door 2). In repeated play or simulation of this game, switching consistently wins about 2/3 of the time, so adopting the “always switch” strategy leads to substantially better outcomes in practice.

**Justification for confidence level:**  
This problem (the Monty Hall problem) is extensively analyzed in probability theory and has been validated with real and simulated experiments many times. The result that switching yields a 2/3 win rate is robust across these tests, and the structure of the game is well specified, leaving little room for ambiguity.

Confidence: 100%",Logic,100,"(A) Yes, switching gives you a 2/3 chance.

Reasoning: Initially, door 1 has a 1/3 chance of hiding the car, and doors 2 and 3 together have a 2/3 chance. The host’s action—always revealing a goat from the doors you didn’t pick and never opening the car—doesn’t change your original 1/3 chance; instead, it transfers the entire 2/3 probability onto the single remaining unopened door (door 2). This fits coherently with standard probability theory, simulation results, and many independent analyses of the Monty Hall problem, all of which align in assigning 2/3 to switching and 1/3 to staying.

Confidence justification: This problem is a classic with a well-established consensus in mathematics, probability textbooks, and empirical computer simulations, all mutually reinforcing the 2/3 vs 1/3 result. There is extensive agreement across independent sources, with no credible conflicting framework that both preserves standard probability rules and yields 50/50.

Confidence: 100%",Logic,100,"The correct choice is: **(A) Yes, switching gives you a 2/3 chance.**

Explanation:  
At the start, door 1 has a 1/3 chance of hiding the car, and the other two doors together have a 2/3 chance. The host, who knows where the car is and is constrained to reveal a goat, effectively transfers that full 2/3 probability onto the single remaining unopened door (door 2) when they open door 3 to show a goat. So your original door still has a 1/3 chance; the other unopened door now has 2/3.

Justification for confidence:  
This problem has been analyzed extensively in probability theory and statistics education, and the solution has been supported by both mathematical argument and repeated simulations. The widespread confusion around it also reflects how everyday intuitions—shaped by common experiences of “fair odds”—can obscure formal structures only made fully visible through specific kinds of training and disciplinary perspectives. Those with more exposure to probabilistic reasoning and to the history of this puzzle (including whose intuitions were initially dismissed or vindicated in public debates) tend to converge strongly on the same answer.

Confidence: 100%"
8,simpson_paradox,Category-level logic vs. aggregate evidence,A,B,Other,98,"(C) Cannot determine without more information

This is a classic Simpson’s paradox situation: Hospital A has higher success rates within each category (minor and major surgeries), yet the combined overall rate is higher for Hospital B. This can only occur if the mix of minor vs. major surgeries is very different between the hospitals (e.g., A does many more high-risk major surgeries, B many more low-risk minor ones). To decide which hospital is “actually better” overall, we must know how to weight the categories—i.e., what distribution of minor vs. major surgeries we care about—which is not specified, so there is no logically compelled single answer.

Confidence justification:
The logical structure of the percentages and the known behavior of aggregated rates guarantees that differing case mixes can invert the overall comparison, so no unique “better hospital” follows from the given data alone. Absent a defined weighting or additional criteria (like patient mix or severity), multiple rational rankings remain possible.

Confidence: 98%",Other,95,"(C) Cannot determine without more information.

This is a classic setup for Simpson’s paradox: the overall success rate depends not just on how good each hospital is at each type of surgery, but also on the proportion of minor vs major surgeries each hospital performs. We are only given success rates within each category, not the number of surgeries in each category at each hospital. Without the underlying counts, we cannot empirically compare their true performance across their actual case mixes, so no definitive conclusion about which is “better” overall can be justified from the data provided.

Confidence justification: The paradox is well-documented in statistics, with many empirical examples where aggregate rates reverse subgroup comparisons solely due to different group sizes. Because the missing data (case counts) are exactly what determine whether the paradox is occurring here, I am highly confident that more information is required before making a judgment.

Confidence: 95%",Other,98,"The correct answer is: (C) Cannot determine without more information.

Reasoning:  
This is a classic example of Simpson’s paradox. Hospital A has higher success rates within each category (minor and major), but B has a higher overall rate. That can happen if the mix of minor vs major surgeries is very different between the two hospitals (e.g., B might do mostly minor surgeries, which are safer, while A handles more major surgeries). To know which is *actually* better at performing surgeries, we would need the number of surgeries in each category for each hospital so we can compare like cases directly (e.g., risk-adjusted or case-mix–adjusted outcomes).

Practical justification for this choice:  
In real clinical decision-making, choosing a hospital based only on aggregated overall rates without knowing the case mix can lead to systematically worse outcomes—especially if a hospital appears “worse” only because it takes on harder cases. Requiring more information (case volumes by surgery type, risk profiles) leads to better predictions about how a patient will fare at each hospital and supports safer, more reliable decisions in practice. So withholding judgment until that data is available is the action that most improves real-world decision quality.

Confidence justification:  
This paradox and its implications are well established in statistics and in medical-outcome evaluation, and the pattern in the question is a textbook setup. The conditions under which “better in each subgroup but worse overall” occurs are well understood, and without the missing numbers, any choice of A or B as “actually better” would be speculative.

Confidence: 98%",Other,95,"The best answer is: **(C) Cannot determine without more information.**

1. **Reasoning**

This is a classic setup for Simpson’s paradox. Hospital A has higher success rates within each category (minor and major), but Hospital B has a higher overall rate. This can happen if the *mix* of surgeries differs between hospitals—for example, if Hospital A does a much larger proportion of high‑risk major surgeries and Hospital B does mostly low‑risk minor surgeries. 

To decide which hospital is actually *better at performing surgeries*, we need to know the number of minor and major surgeries at each hospital (i.e., the case mix). Without that, the overall rate alone can be misleading and we cannot coherently integrate the per-category data and the overall rates into a single consistent picture of “better.”

2. **Justification for confidence level**

The pattern given matches a well-known statistical phenomenon where category-wise comparisons conflict with aggregate comparisons due to different weighting of subgroups. This is well documented and widely accepted in probability and statistics, so treating the given information as incomplete is consistent with that broader body of knowledge.

**Confidence: 95%**",Other,95,"(C) Cannot determine without more information  

This is a classic Simpson’s paradox situation: Hospital A has better success rates within each category (minor and major), yet Hospital B’s overall rate is higher. That can only happen if the mix of minor vs major surgeries is very different between the two hospitals (e.g., one does many more high‑risk major surgeries). To decide which is “actually better,” we would need to know not just the category success rates but also how many of each type of surgery each hospital performs and whether they treat systematically different patient populations (e.g., sicker, poorer, or less insured patients at one hospital), since these social and demographic differences can strongly affect outcomes and how we interpret “better.”  

Confidence justification: The pattern described matches a well-known statistical phenomenon where aggregated data can reverse the comparison seen in subgroup data. Without the distribution of surgery types and patient populations, any conclusion about which hospital is better at surgeries overall could misrepresent the performance of a hospital that serves higher-risk or more marginalized patients.  

Confidence: 95%"
9,correlation_causation,Causal reasoning vs. correlational evidence,B,A,Logic,99,"(B) No, larger towns have both more fire stations and more fires.

The data describes a correlation, not a causal mechanism. A more coherent explanation is that town size (or population density) is a third factor that logically leads both to more fires (more people, buildings, and activity) and to more fire stations (greater need for coverage), so the correlation is expected without requiring fire stations to cause fires. Concluding causation directly from correlation without a plausible mechanism or controlling for confounders is a reasoning error.

Confidence justification: This pattern is a textbook example of a confounding variable, and the logical structure of the situation (third factor influencing both variables) is well-understood and widely applicable. The alternative options either assert unjustified causation or suspend judgment beyond what the reasoning requires.

Confidence: 99%",Logic,98,"The best option is **(B) No, larger towns have both more fire stations and more fires.**

The observed data is a correlation: towns with more fire stations tend to have more fires. Empirical studies in statistics and causal inference show that correlations like this are often explained by a third factor (a confounder)—here, town size or population density—which increases both the number of fires and the need for more fire stations, without fire stations themselves causing fires.

**Confidence justification:**  
This is a textbook example of “correlation does not imply causation,” widely documented in statistics education, and well supported by many analogous real-world datasets where a common underlying factor explains both variables. The explanation in (B) matches this well-established pattern.

Confidence: 98%",Logic,98,"The best answer is: **(B) No, larger towns have both more fire stations and more fires.**

Explanation:  
The data shows a correlation, but interpreting it as “fire stations cause fires” would lead to terrible practical decisions—like closing stations—which would predictably worsen fire outcomes. A more workable interpretation is that larger towns need more stations and also naturally experience more fires due to higher population and building density; this aligns with how cities actually plan emergency services and leads to effective policy and resource allocation.

Confidence justification:  
This pattern (a third factor explaining both variables) is a classic example of a confounder in real-world data, and in practice, emergency-service planning is based on this understanding, not on the mistaken causal claim. Using this reasoning has repeatedly led to better safety outcomes, which strongly supports the choice.

Confidence: 98%",Logic,98,"The best option is **(B) No, larger towns have both more fire stations and more fires.**  
The observed relationship is a classic example of a **confounding variable**: town size. It fits well with many other well-supported beliefs in statistics and everyday experience—larger populations have more incidents of all kinds and therefore need more services—so interpreting the pattern as correlation driven by town size rather than as “fire stations cause fires” is the most consistent explanation with the broader body of knowledge on correlation vs. causation.

I’m highly confident because this example aligns with standard teaching cases in statistics and causal reasoning, and there is no conflicting, well-established evidence suggesting that fire stations increase fire incidence.

Confidence: 98%",Logic,98,"(B) No, larger towns have both more fire stations and more fires.

The pattern in the data reflects how communities are organized: larger, denser towns both experience more fire risks (more buildings, more people, more industry) and invest in more fire stations to protect residents. People who work in urban planning, emergency services, or who live in large cities routinely see that services expand in response to risk and population size, not as the cause of the risk itself, which makes the “more stations cause more fires” interpretation implausible.

Confidence level justification: This is a standard example of confusing correlation with causation, and there is strong consensus across statistics education, public policy practice, and the lived experience of fire service professionals that the correct explanation is confounding by town size, not causation by fire stations.

Confidence: 98%"
10,regression_to_mean,Statistical regression vs. narrative causation,B,A,Logic,93,"Answer: (B) No, this is likely regression to the mean.

Reasoning: The player’s 45-point game is far above his stable season average of 20, so it is reasonable to treat that performance as containing a large random or situational component rather than reflecting a new true ability level. Given that, the most logically expected outcome next game is a score closer to his underlying average; a drop from 45 to 18 is compatible with this normal fluctuation. The praise is only one event among many factors and, without a plausible necessity link or additional consistent evidence of such an effect, it is more parsimonious to attribute the decline to statistical regression rather than to a causal impact from the praise.

Confidence justification: The structure of the problem is a classic illustration designed to highlight regression to the mean, and the numerical values (20 average, 45 outlier, then 18) align with that interpretation. While it is logically possible that praise could affect performance, the information given points directly to the statistical explanation and does not provide grounds to infer causation from the praise.

Confidence: 93%",Logic,85,"(B) No, this is likely regression to the mean.

The player’s 45-point game is far above his established season average of 20 points, making it an outlier performance. Empirical studies on performance in sports and other domains show that extreme performances are typically followed by more average ones, even without any intervention—this pattern is known as regression to the mean. With only one follow-up game and no controlled comparison (e.g., other players who got no praise), there is no solid evidence that the coach’s praise caused the small drop to 18 rather than normal fluctuation around his usual level.

Confidence justification: The concept of regression to the mean is well-documented across many repeated-measurement contexts (sports stats, test scores, etc.), and this scenario matches that pattern closely. However, because we lack experimental or comparative data about the specific psychological effect of praise on this player, there is some residual uncertainty.

Confidence: 85%",Logic,90,"(B) No, this is likely regression to the mean.

A 45-point game is an unusually high performance for a player who normally averages 20, so statistically we expect his next game to be closer to his typical level, regardless of what the coach says. In practice, assuming regression to the mean rather than overinterpreting a single extreme performance leads to better coaching decisions, more stable evaluations of players, and avoids falsely attributing normal fluctuations to specific interventions like praise. While praise *might* affect performance, the most useful working assumption given just these two games is that the drop is mainly normal variation regressing toward the player’s usual level.

Confidence level justification: This pattern is a textbook example of regression to the mean, widely observed in sports performance data, and there is no specific evidence provided that the praise changed anything, so interpreting it as statistical fluctuation is the most reliable and practically effective stance.

Confidence: 90%",Logic,90,"(B) No, this is likely regression to the mean.

A 45-point game is an unusually high performance compared with a 20-point average, so it is reasonable to treat it as an outlier. In systems where performance varies around a stable average, extreme values are typically followed by values closer to that average, which fits well with widely accepted statistical principles and observed patterns in sports performance. Without additional evidence isolating the effect of praise, the drop from 45 to 18 is better explained by natural fluctuation around his true ability than by a causal impact of the coach’s reaction.

Confidence is high because the explanation is consistent with standard statistical theory and common empirical examples of performance regression, and there is no specific information suggesting an alternative causal mechanism here.

Confidence: 90%",Logic,95,"The best answer is: **(B) No, this is likely regression to the mean.**

The 45-point game is an unusually high performance compared to his typical 20-point average. When someone has an extreme performance due partly to random factors (hot shooting, weak defense, luck), their next performance is statistically more likely to be closer to their usual level, regardless of any praise; the 18-point game is close to his 20-point average, fitting this pattern. Attributing the change to praise alone reflects a common tendency—shaped by everyday storytelling and coaching culture—to overemphasize simple psychological causes instead of statistical fluctuation.

I’m highly confident because this example is a standard illustration used in statistics and psychology education, where people are taught to recognize how extreme performances tend to be followed by more typical ones. People with training in data analysis or performance metrics, as is common in high-level sports contexts, generally converge on regression to the mean as the primary explanation absent further evidence about how the praise affected the player.

Confidence: 95%"
